"","category","subcategory","ID","Description","GeneRatio","BgRatio","pvalue","p.adjust","qvalue","geneID","Count"
"ath00195","Metabolism","Energy metabolism","ath00195","Photosynthesis - Arabidopsis thaliana (thale cress)","13/225","77/5528",1.07899209775402e-05,0.00101425257188878,0.000954056170645664,"820859/816545/834535/828996/838400/842016/817606/843942/837974/824246/826551/821143/837639",13
"ath00062","Metabolism","Lipid metabolism","ath00062","Fatty acid elongation - Arabidopsis thaliana (thale cress)","8/225","36/5528",7.49365088395846e-05,0.00352201591546047,0.00331298249606584,"837286/834966/817412/829574/827461/819284/827458/843182",8
"ath00196","Metabolism","Energy metabolism","ath00196","Photosynthesis - antenna proteins - Arabidopsis thaliana (thale cress)","6/225","22/5528",0.000183344729856598,0.00574480153550675,0.00540384466945764,"838151/822391/818599/825320/815055/820043",6
"ath04075","Environmental Information Processing","Signal transduction","ath04075","Plant hormone signal transduction - Arabidopsis thaliana (thale cress)","31/225","405/5528",0.000405392927916798,0.00952673380604475,0.00896131735395027,"834284/815949/816798/817145/820898/830041/830040/28718283/828993/820793/829629/827989/818708/844105/821251/829980/816849/818626/826850/819281/818662/817353/830039/816158/829631/28717252/843893/838297/823281/824140/830575",31
