"","category","subcategory","ID","Description","GeneRatio","BgRatio","pvalue","p.adjust","qvalue","geneID","Count"
"ath00195","Metabolism","Energy metabolism","ath00195","Photosynthesis - Arabidopsis thaliana (thale cress)","22/354","77/5528",1.14050712704685e-09,1.09488684196497e-07,1.08048043614965e-07,"825866/828183/839449/838622/837178/824699/841033/817297/844245/837358/842386/839918/826892/841653/827877/843099/840021/836751/840149/836789/827996/836525",22
"ath03010","Genetic Information Processing","Translation","ath03010","Ribosome - Arabidopsis thaliana (thale cress)","48/354","359/5528",4.89562037908186e-07,2.34989778195929e-05,2.31897807430193e-05,"827947/843871/841255/828695/829529/829607/824768/825195/820230/818874/822189/828951/824556/834821/819095/818234/829329/820853/837486/829064/834097/839273/843836/817947/831997/842796/2745833/824741/838092/829203/816943/834765/829614/818905/827159/838331/817059/828679/819652/816491/839781/820000/819853/822403/819855/817766/824694/836535",48
"ath00940","Metabolism","Biosynthesis of other secondary metabolites","ath00940","Phenylpropanoid biosynthesis - Arabidopsis thaliana (thale cress)","20/354","128/5528",0.000156378548325421,0.00500411354641346,0.00493826994711854,"830302/821710/838016/843126/829479/818420/830416/818746/830088/822042/831263/824072/821731/829795/824073/826731/829551/836802/828728/833954",20
