,category,subcategory,ID,Description,GeneRatio,BgRatio,RichFactor,FoldEnrichment,zScore,pvalue,p.adjust,qvalue,geneID,Count
ath00500,Metabolism,Carbohydrate metabolism,ath00500,Starch and sucrose metabolism - Arabidopsis thaliana (thale cress),17/176,172/5536,0.0988372093023256,3.10887949260042,5.09101473651062,2.7194360722323e-05,0.00211320502818997,0.00197165062438777,825182/836638/826706/828081/842945/830056/841567/819055/837112/821201/3767579/826855/830979/843319/834978/837111/3767578,17
ath02010,Environmental Information Processing,Membrane transport,ath02010,ABC transporters - Arabidopsis thaliana (thale cress),10/176,68/5536,0.147058823529412,4.62566844919786,5.45080997996844,4.80273870043176e-05,0.00211320502818997,0.00197165062438777,827189/839353/818211/827186/819314/824516/839687/827187/841571/838122,10
